City_ID,City,Country,Lat,Lng,Max Temp,Humidity,Cloudiness,Wind Speed,Current Description
0,Kloulklubed,PW,7.0419,134.2556,84.61,74,100,12.35,overcast clouds
1,Pevek,RU,69.7008,170.3133,32.99,96,96,16.46,overcast clouds
2,Bredasdorp,ZA,-34.5322,20.0403,65.52,55,69,14.97,broken clouds
3,Vaini,TO,-21.2,-175.2,71.76,83,75,23.02,light rain
4,Taguatinga,BR,-12.3857,-46.5711,67.75,64,53,8.08,broken clouds
5,Albany,US,42.6001,-73.9662,59.04,89,43,3.38,scattered clouds
6,Port Blair,IN,11.6667,92.75,82.98,80,100,19.57,overcast clouds
7,Eydhafushi,MV,5.1033,73.0708,82.27,76,86,10.6,overcast clouds
8,Busselton,AU,-33.65,115.3333,51.04,65,8,12.06,clear sky
9,Bethel,US,41.3712,-73.414,60.03,90,1,0.0,clear sky
10,Marawi,PH,7.9986,124.2928,72.86,91,99,0.47,moderate rain
11,Vardo,NO,70.3705,31.1107,52.0,92,100,7.9,overcast clouds
12,Quatre Cocos,MU,-20.2078,57.7625,75.09,67,6,19.73,clear sky
13,Tuatapere,NZ,-46.1333,167.6833,43.83,96,60,4.74,broken clouds
14,Ushuaia,AR,-54.8,-68.3,40.66,70,20,4.61,few clouds
15,Rio Grande,BR,-32.035,-52.0986,44.94,93,32,3.2,light rain
16,Hermanus,ZA,-34.4187,19.2345,62.8,77,66,13.69,broken clouds
17,Dunedin,NZ,-45.8742,170.5036,51.8,89,99,5.01,overcast clouds
18,Alta Floresta,BR,-9.8756,-56.0861,63.73,54,10,3.94,clear sky
19,Junqueiropolis,BR,-21.5147,-51.4336,49.32,81,56,11.18,broken clouds
20,Emerald,AU,-23.5333,148.1667,72.99,27,0,10.33,clear sky
21,Denpasar,ID,-8.65,115.2167,78.46,89,40,16.11,scattered clouds
22,Atuona,PF,-9.8,-139.0333,77.23,64,85,13.82,overcast clouds
23,Kautokeino,NO,69.0125,23.0412,44.4,85,100,13.53,overcast clouds
24,Pisco,PE,-13.7,-76.2167,62.02,88,90,3.44,overcast clouds
25,Sitka,US,57.0531,-135.33,60.69,88,90,8.05,light intensity drizzle
26,Vulcan,RO,45.3833,23.2667,87.71,29,0,7.67,clear sky
27,Komsomolskiy,UZ,40.4272,71.7189,95.72,16,93,6.91,overcast clouds
28,Seoul,KR,37.5683,126.9778,81.79,89,75,5.75,light rain
29,Khatanga,RU,71.9667,102.5,66.54,58,99,9.51,light rain
30,Casper,US,42.8666,-106.3131,60.01,82,1,4.61,haze
31,East London,ZA,-33.0153,27.9116,76.12,28,80,9.69,broken clouds
32,Rikitea,PF,-23.1203,-134.9692,70.07,72,96,24.23,light rain
33,Saint-Andre-Avellin,CA,45.7168,-75.066,57.83,97,100,2.77,overcast clouds
34,Hobart,AU,-42.8794,147.3294,45.05,71,20,3.0,few clouds
35,Mormugao,IN,15.4,73.8,81.66,94,75,13.8,broken clouds
36,Zhigansk,RU,66.7697,123.3711,79.39,42,37,12.35,scattered clouds
37,Petropavlovsk-Kamchatskiy,RU,53.0452,158.6483,55.99,100,40,6.71,scattered clouds
38,Punta Arenas,CL,-53.15,-70.9167,39.31,81,0,13.8,clear sky
39,Tasiilaq,GL,65.6145,-37.6368,46.56,80,16,0.56,few clouds
40,Pacific Grove,US,36.6177,-121.9166,60.91,91,90,1.01,overcast clouds
41,Sinnamary,GF,5.3833,-52.95,76.01,89,85,4.99,overcast clouds
42,Tual,ID,-5.6667,132.75,81.86,77,72,10.63,broken clouds
43,Bathsheba,BB,13.2167,-59.5167,81.21,78,20,14.97,few clouds
44,Kodiak,US,57.79,-152.4072,53.29,96,88,3.18,overcast clouds
45,Nisia Floresta,BR,-6.0911,-35.2086,75.58,82,71,12.68,broken clouds
46,Matagami,CA,49.7502,-77.6328,44.71,87,1,6.91,clear sky
47,Barao De Melgaco,BR,-16.1944,-55.9675,61.32,46,6,2.75,clear sky
48,Neryungri,RU,56.6709,124.6491,52.03,98,100,2.59,moderate rain
49,Kupang,ID,-10.1667,123.5833,81.18,74,40,12.66,scattered clouds
50,Haimen,CN,23.1935,116.6142,82.29,82,100,18.59,light rain
51,Salvador,SV,13.8333,-88.9167,72.0,98,84,3.29,broken clouds
52,Cayenne,GF,4.9333,-52.3333,76.08,91,0,2.3,clear sky
53,Airai,TL,-8.9266,125.4092,60.3,82,43,1.1,scattered clouds
54,Kapaa,US,22.0752,-159.319,80.92,76,20,1.99,few clouds
55,Paamiut,GL,61.994,-49.6678,44.69,84,100,4.09,light rain
56,Port Alfred,ZA,-33.5906,26.891,74.03,38,88,20.69,overcast clouds
57,Dikson,RU,73.5069,80.5464,40.93,98,100,5.53,light rain
58,Carnarvon,AU,-24.8667,113.6333,66.27,63,15,16.11,few clouds
59,Georgetown,MY,5.4112,100.3354,80.53,91,40,1.01,scattered clouds
60,Deneysville,ZA,-26.8908,28.0971,63.52,17,2,11.25,clear sky
61,Norman Wells,CA,65.282,-126.8329,53.64,82,40,2.3,scattered clouds
62,Longyearbyen,SJ,78.2186,15.6401,49.84,62,20,10.36,few clouds
63,New Norfolk,AU,-42.7826,147.0587,44.71,75,15,1.01,few clouds
64,Mahebourg,MU,-20.4081,57.7,75.49,60,20,18.41,few clouds
65,Coihaique,CL,-45.5752,-72.0662,44.55,61,90,8.05,overcast clouds
66,Fort Nelson,CA,58.8053,-122.7002,61.88,72,1,1.81,clear sky
67,Buraydah,SA,26.326,43.975,108.05,7,2,6.02,clear sky
68,Saint-Philippe,RE,-21.3585,55.7679,76.59,77,39,16.64,light rain
69,Hobyo,SO,5.3505,48.5268,84.79,60,66,19.82,broken clouds
70,Vanavara,RU,60.34,102.2797,79.59,34,100,6.58,overcast clouds
71,Presidencia Roque Saenz Pena,AR,-26.7852,-60.4388,49.75,65,5,3.78,clear sky
72,Haines Junction,CA,60.7522,-137.5108,48.15,76,14,1.14,few clouds
73,Itarema,BR,-2.9248,-39.9167,76.01,75,95,13.94,overcast clouds
74,North Bend,US,43.4065,-124.2243,60.24,97,90,9.22,overcast clouds
75,Avarua,CK,-21.2078,-159.775,77.05,78,100,18.41,overcast clouds
76,Mount Gambier,AU,-37.8333,140.7667,43.95,98,58,5.3,broken clouds
77,Shizunai,JP,42.3339,142.3669,74.77,88,73,2.82,broken clouds
78,Aksu,CN,41.1231,80.2644,89.94,14,100,4.12,overcast clouds
79,Saravan,AM,39.7196,45.6483,81.25,40,41,6.13,scattered clouds
80,Labuhan,ID,-6.8844,112.2051,85.19,60,32,4.61,scattered clouds
81,Ilulissat,GL,69.2167,-51.1,48.22,81,20,2.3,few clouds
82,Changji,CN,44.0167,87.3167,83.19,23,0,8.95,clear sky
83,Butaritari,KI,3.0707,172.7902,83.5,70,29,8.08,scattered clouds
84,Cape Town,ZA,-33.9258,18.4232,64.89,64,40,5.01,scattered clouds
85,Deputatskiy,RU,69.3,139.9,50.09,56,13,12.55,few clouds
86,Mar Del Plata,AR,-38.0023,-57.5575,43.09,31,90,1.99,fog
87,Voskresenskoye,RU,56.8381,45.4317,80.15,39,74,10.49,broken clouds
88,Ostrovnoy,RU,68.0531,39.5131,55.29,68,28,3.13,scattered clouds
89,Victoria,HK,22.2855,114.1577,86.97,82,100,3.0,light rain
90,Saint-Pierre,RE,-21.3393,55.4781,76.68,60,0,18.41,light rain
91,Guerrero Negro,MX,27.9769,-114.0611,70.61,83,6,7.29,clear sky
92,Arraial Do Cabo,BR,-22.9661,-42.0278,60.66,88,75,5.75,broken clouds
93,Halifax,CA,44.6453,-63.5724,58.51,88,98,1.01,overcast clouds
94,Bubaque,GW,11.2833,-15.8333,78.62,84,99,15.03,moderate rain
95,Kiruna,SE,67.8557,20.2251,49.12,71,90,9.22,overcast clouds
96,Kaeo,NZ,-35.1,173.7833,50.32,88,10,3.83,clear sky
97,Port Lincoln,AU,-34.7333,135.8667,52.3,77,5,12.01,clear sky
98,Clyde River,CA,70.4692,-68.5914,37.63,100,90,5.75,mist
99,Dryden,CA,49.7833,-92.7503,57.49,77,90,4.61,overcast clouds
100,Alta,NO,69.9689,23.2717,47.46,82,75,7.0,broken clouds
101,Nkan,GA,0.3833,9.7833,80.37,58,98,4.68,overcast clouds
102,Saint-Leu,RE,-21.15,55.2833,76.06,74,17,6.08,light rain
103,Luderitz,NA,-26.6481,15.1594,78.87,23,0,6.38,clear sky
104,Sirjan,IR,29.452,55.6814,93.88,16,29,1.25,scattered clouds
105,Leshukonskoye,RU,64.8989,45.7622,66.58,61,88,8.16,overcast clouds
106,Jamestown,US,42.097,-79.2353,63.99,86,90,1.99,overcast clouds
107,Sakhon Nakhon,TH,17.1612,104.1472,87.75,70,75,9.22,broken clouds
108,Esperance,AU,-33.8667,121.9,51.46,64,88,23.67,overcast clouds
109,Mataura,NZ,-46.1927,168.8643,43.48,98,100,2.64,overcast clouds
110,Lugovoy,KZ,42.9472,72.7644,94.01,14,85,8.48,overcast clouds
111,Chokurdakh,RU,70.6333,147.9167,43.16,53,16,11.79,few clouds
112,Prabumulih,ID,-3.45,104.25,88.09,52,76,5.23,broken clouds
113,San Patricio,US,28.017,-97.5169,84.07,84,40,6.96,scattered clouds
114,Hambantota,LK,6.1241,81.1185,85.8,66,100,25.23,overcast clouds
115,Vao,NC,-22.6667,167.4833,67.6,60,71,20.65,broken clouds
116,Mabaruma,GY,8.2,-59.7833,71.83,100,26,2.33,scattered clouds
117,Channel-Port Aux Basques,CA,47.5702,-59.1367,60.06,89,24,16.49,few clouds
118,Siavonga,ZM,-16.5382,28.7088,75.45,48,37,6.06,scattered clouds
119,Pangkalanbuun,ID,-2.6833,111.6167,79.61,86,63,1.66,broken clouds
120,Kodinsk,RU,58.6881,99.1844,58.57,91,100,3.6,light rain
121,Juigalpa,NI,12.1063,-85.3645,75.94,86,92,12.93,overcast clouds
122,Natal,BR,-5.795,-35.2094,75.42,88,75,9.22,broken clouds
123,Te Anau,NZ,-45.4167,167.7167,43.07,94,47,0.94,scattered clouds
124,Salalah,OM,17.0151,54.0924,80.69,89,90,11.5,overcast clouds
125,Mnogovershinnyy,RU,53.9353,139.9242,52.16,88,100,2.1,overcast clouds
126,Hilo,US,19.7297,-155.09,74.93,86,90,4.61,light rain
127,Puerto Ayora,EC,-0.7393,-90.3518,71.55,86,27,7.0,scattered clouds
128,Ust-Koksa,RU,50.2696,85.6108,74.93,33,59,5.66,broken clouds
129,Cherskiy,RU,68.75,161.3,37.67,72,97,20.33,overcast clouds
130,Mount Pleasant,US,32.7941,-79.8626,82.98,85,40,11.01,scattered clouds
131,Balabac,PH,7.9868,117.0645,84.24,78,77,13.49,broken clouds
132,Escarcega,MX,18.6089,-90.7454,72.01,97,26,2.73,scattered clouds
133,Zverinogolovskoye,RU,54.4586,64.8542,86.88,42,31,13.87,scattered clouds
134,Sterling,US,39.0062,-77.4286,70.93,93,90,0.0,overcast clouds
135,Aljezur,PT,37.3191,-8.8033,70.84,59,64,14.79,broken clouds
136,Tres Arroyos,AR,-38.3739,-60.2798,35.62,76,0,2.35,clear sky
137,Hithadhoo,MV,-0.6,73.0833,82.2,69,97,3.74,moderate rain
138,Santa Marta,CO,11.2408,-74.199,82.98,74,4,5.01,clear sky
139,Kavieng,PG,-2.5744,150.7967,82.49,73,4,5.84,clear sky
140,Weihe,CN,32.9952,105.3247,84.87,56,0,5.95,clear sky
141,Itoman,JP,26.1247,127.6694,82.78,91,75,16.11,broken clouds
142,Lahij,YE,13.1667,44.5833,92.84,47,33,6.93,scattered clouds
143,Abnub,EG,27.2696,31.1511,102.69,11,15,4.14,few clouds
144,Timmins,CA,48.4669,-81.3331,46.22,100,40,3.44,scattered clouds
145,Namibe,AO,-15.1961,12.1522,82.62,36,0,4.92,clear sky
146,Barrow,US,71.2906,-156.7887,53.62,83,1,16.11,clear sky
147,Lac-Megantic,CA,45.5834,-70.8823,53.62,97,51,4.45,broken clouds
148,Kyle,US,29.9984,-97.8715,80.04,92,20,4.61,few clouds
149,Iqaluit,CA,63.7506,-68.5145,51.53,66,75,5.01,broken clouds
150,Cabo San Lucas,MX,22.8909,-109.9124,82.51,78,93,0.92,overcast clouds
151,Ossora,RU,59.2353,163.0719,53.58,65,96,5.86,overcast clouds
152,Potiskum,NG,11.7091,11.0694,83.61,63,92,10.42,overcast clouds
153,Grand Gaube,MU,-20.0064,57.6608,75.6,62,1,15.01,clear sky
154,Del Rio,US,29.3627,-100.8968,84.31,67,1,8.05,clear sky
155,Kruisfontein,ZA,-34.0033,24.7314,65.88,44,73,12.64,broken clouds
156,Bluff,NZ,-46.6,168.3333,43.81,91,40,6.87,scattered clouds
157,Taoudenni,ML,22.6783,-3.9836,104.25,21,1,15.82,clear sky
158,Ramhormoz,IR,31.28,49.6035,114.87,7,0,8.14,clear sky
159,Aswan,EG,24.0934,32.907,105.46,11,38,5.93,scattered clouds
160,Anuradhapura,LK,8.3565,80.4173,90.81,49,100,15.28,overcast clouds
161,Biltine,TD,14.5333,20.9167,84.81,49,97,2.89,overcast clouds
162,Mangai,CD,-4.05,19.5333,97.77,13,91,1.97,overcast clouds
163,Bowral,AU,-34.4667,150.4167,47.14,95,83,4.23,broken clouds
164,Lukovetskiy,RU,64.2956,41.9211,71.58,57,62,6.29,broken clouds
165,Kaitangata,NZ,-46.2817,169.8464,47.68,97,100,3.74,overcast clouds
166,Vila Franca Do Campo,PT,37.7167,-25.4333,75.61,79,62,7.2,broken clouds
167,Gao,ML,16.6362,1.637,91.18,43,80,13.47,broken clouds
168,Sistranda,NO,63.7256,8.834,53.91,74,88,11.45,overcast clouds
169,Lavrentiya,RU,65.5833,-171.0,40.6,94,100,7.27,overcast clouds
170,Mama,RU,58.3106,112.8986,69.13,45,100,9.13,overcast clouds
171,Arlit,NE,18.7369,7.3853,95.11,34,9,10.63,clear sky
172,Wanning,CN,18.8003,110.3967,86.7,76,100,6.98,moderate rain
173,Elko,US,41.0002,-115.5012,64.81,84,93,1.03,overcast clouds
174,Irbid,JO,32.5,35.8333,93.76,24,0,14.72,clear sky
175,Livingston,GB,55.9029,-3.5226,61.68,69,75,5.75,broken clouds
176,Paramonga,PE,-10.6667,-77.8333,62.74,87,96,6.87,overcast clouds
177,Kinsale,IE,51.7075,-8.5306,58.37,62,75,11.5,broken clouds
178,Berdigestyakh,RU,62.0989,126.6992,79.59,42,76,2.13,broken clouds
179,Yellowknife,CA,62.456,-114.3525,69.33,72,20,1.01,few clouds
180,Touros,BR,-5.1989,-35.4608,74.3,81,35,14.61,scattered clouds
181,Ponta Do Sol,PT,32.6667,-17.1,77.72,67,8,4.05,clear sky
182,Jaisalmer,IN,26.9147,70.9181,97.18,41,98,19.82,overcast clouds
183,Tibati,CM,6.4667,12.6333,68.86,96,100,3.78,overcast clouds
184,Saint George,US,37.1041,-113.5841,78.64,59,1,5.01,clear sky
185,Lebu,CL,-37.6167,-73.65,45.61,73,8,12.86,clear sky
186,Souillac,MU,-20.5167,57.5167,75.58,60,20,18.41,few clouds
187,Ukiah,US,39.1502,-123.2078,69.01,62,1,5.75,clear sky
188,Alofi,NU,-19.0595,-169.9187,73.29,100,61,5.75,light rain
189,Banjar,ID,-8.19,114.9675,78.66,77,56,7.34,broken clouds
190,Omboue,GA,-1.5746,9.2618,76.73,75,88,6.73,overcast clouds
191,Upernavik,GL,72.7868,-56.1549,43.9,77,100,5.41,overcast clouds
192,Prainha,BR,-1.8,-53.48,72.1,95,100,2.37,overcast clouds
193,Maceio,BR,-9.6658,-35.7353,76.44,78,40,13.8,scattered clouds
194,Jalu,LY,29.0331,21.5482,102.07,9,0,7.67,clear sky
195,Klaksvik,FO,62.2266,-6.589,49.12,78,98,12.97,overcast clouds
196,Coquimbo,CL,-29.9533,-71.3436,44.33,93,3,4.61,clear sky
197,Tiksi,RU,71.6872,128.8694,48.7,71,1,4.72,clear sky
198,Lata,PT,40.1629,-8.3327,70.36,47,62,4.76,broken clouds
199,Thompson,CA,55.7435,-97.8558,48.36,93,20,0.0,few clouds
200,Bereda,ES,43.2686,-7.5406,65.14,67,96,3.04,overcast clouds
201,Bambous Virieux,MU,-20.3428,57.7575,75.45,60,20,18.41,few clouds
202,Severo-Kurilsk,RU,50.6789,156.125,50.72,83,69,18.01,broken clouds
203,Banda Aceh,ID,5.5577,95.3222,84.4,64,85,18.37,overcast clouds
204,Bure,ET,10.7,37.0667,64.98,86,100,4.38,moderate rain
205,Faanui,PF,-16.4833,-151.75,77.27,66,90,14.47,overcast clouds
206,Coahuayana,MX,18.7333,-103.6833,76.32,91,92,3.83,overcast clouds
207,Mehamn,NO,71.0357,27.8492,45.68,95,100,10.6,light rain
208,Chermen,RU,43.1486,44.7069,87.04,42,4,4.47,clear sky
209,San Juan Evangelista,MX,17.9,-95.1333,72.36,95,34,5.26,scattered clouds
210,Pilar,BR,-9.5972,-35.9567,75.13,89,75,12.37,broken clouds
211,Katsuura,JP,35.1333,140.3,86.11,84,8,7.34,clear sky
212,Upata,VE,8.0086,-62.3989,72.19,99,20,2.91,few clouds
213,Dauphin,CA,51.1494,-100.0502,50.14,100,1,8.05,clear sky
214,Lagoa,PT,39.05,-27.9833,71.06,90,20,13.94,few clouds
215,Inta,RU,66.0317,60.1659,61.7,84,85,17.76,overcast clouds
216,Port Hardy,CA,50.6996,-127.4199,55.58,100,90,2.3,overcast clouds
217,Sinop,TR,41.7711,34.8709,82.51,36,0,11.18,clear sky
218,Gallup,US,35.5281,-108.7426,63.36,74,40,0.0,scattered clouds
219,Leca Da Palmeira,PT,41.191,-8.7003,70.86,57,75,4.61,broken clouds
220,Ekhabi,RU,53.5102,142.9671,53.64,80,98,8.52,overcast clouds
221,Kendal,GB,54.3268,-2.7476,63.91,80,84,4.0,broken clouds
222,Tilichiki,RU,60.4667,166.1,48.58,63,89,3.87,overcast clouds
223,Jaru,BR,-10.4389,-62.4664,63.55,58,27,3.22,scattered clouds
224,Turukhansk,RU,65.8167,87.9833,58.01,88,100,6.78,overcast clouds
225,Nanortalik,GL,60.1432,-45.2371,50.0,80,100,19.28,light rain
226,Hasaki,JP,35.7333,140.8333,82.69,86,6,8.46,clear sky
227,Gorontalo,ID,0.5412,123.0595,79.38,87,69,3.53,broken clouds
228,Poya,NC,-21.35,165.15,64.78,65,38,7.45,scattered clouds
229,Obo,CF,5.3998,26.4869,76.35,78,96,3.94,overcast clouds
230,Tazovskiy,RU,67.4667,78.7,61.77,49,100,7.61,overcast clouds
231,Karratha,AU,-20.7377,116.8463,69.57,42,6,12.84,clear sky
232,Neepawa,CA,50.2289,-99.4664,50.81,58,0,5.01,clear sky
233,Antofagasta,CL,-23.65,-70.4,54.68,78,36,3.85,scattered clouds
234,Torbay,CA,47.6666,-52.7314,63.57,84,20,14.97,few clouds
235,Talnakh,RU,69.4865,88.3972,52.59,94,100,9.55,light rain
236,Laguna,US,38.421,-121.4238,79.3,67,1,4.0,clear sky
237,Castro,BR,-24.7911,-50.0119,44.51,90,100,5.32,overcast clouds
238,Surab,PK,28.4914,66.2585,88.27,11,9,14.54,clear sky
239,Fortuna,US,40.5982,-124.1573,60.42,94,90,1.01,overcast clouds
240,Brigantine,US,39.4101,-74.3646,70.02,93,100,4.85,overcast clouds
241,Qaanaaq,GL,77.484,-69.3632,40.12,92,90,4.05,overcast clouds
242,Tartagal,AR,-22.5164,-63.8013,49.06,49,6,4.34,clear sky
243,Yar-Sale,RU,66.8333,70.8333,62.98,60,100,10.8,overcast clouds
244,San Jose,US,37.3394,-121.895,64.0,84,20,1.01,few clouds
245,Belaya Gora,RU,68.5333,146.4167,50.95,53,96,6.46,overcast clouds
246,Nemuro,JP,43.3236,145.575,65.48,99,100,12.57,overcast clouds
247,Geraldton,AU,-28.7667,114.6,59.41,63,90,13.8,overcast clouds
248,Kuala Terengganu,MY,5.3302,103.1408,84.15,84,40,3.44,scattered clouds
249,Novo Aripuana,BR,-5.1206,-60.3797,67.84,57,75,2.55,broken clouds
250,Kahului,US,20.8947,-156.47,75.22,74,1,23.02,clear sky
251,Villanueva De La Serena,ES,38.9766,-5.7974,72.82,30,30,6.55,scattered clouds
252,Rovaniemi,FI,66.5,25.7167,62.01,88,75,10.36,light intensity shower rain
253,Porto Seguro,BR,-16.4497,-39.0647,63.12,94,75,8.05,broken clouds
254,Mareeba,AU,-17.0,145.4333,66.43,90,52,4.88,broken clouds
255,Magomeni,TZ,-6.8,39.25,86.49,40,12,15.93,few clouds
256,Lensk,RU,60.7253,114.9278,79.79,30,85,10.0,overcast clouds
257,Qrendi,MT,35.8347,14.4583,96.46,34,0,6.91,clear sky
258,Goderich,CA,43.7501,-81.7165,64.9,94,76,5.75,broken clouds
259,Meulaboh,ID,4.1363,96.1285,79.32,84,100,1.99,overcast clouds
260,Port-Gentil,GA,-0.7193,8.7815,76.69,76,38,7.85,scattered clouds
261,Yuksekova,TR,37.5736,44.2872,80.35,32,75,3.44,broken clouds
262,Singaraja,ID,-8.112,115.0882,81.1,73,51,6.4,broken clouds
263,Delmas,HT,18.5447,-72.3028,81.32,78,20,12.66,few clouds
264,Falam,MM,22.9167,93.6833,66.09,99,100,2.39,light rain
265,Gupitan,PH,7.7758,125.6406,79.74,88,92,3.06,overcast clouds
266,Kavaratti,IN,10.5669,72.642,82.71,75,87,15.75,overcast clouds
267,Waren,DE,53.5167,12.6833,68.02,68,80,9.51,broken clouds
268,Kalmunai,LK,7.4167,81.8167,87.53,63,99,14.43,overcast clouds
269,Knysna,ZA,-34.0363,23.0471,55.78,61,16,9.51,few clouds
270,Santiago De Cao,PE,-7.9589,-79.2392,63.39,86,73,7.2,broken clouds
271,Diffa,NE,13.3154,12.6113,89.65,48,100,12.41,overcast clouds
272,Hede,CN,33.7681,120.2517,82.26,85,8,6.67,clear sky
273,Mantua,IT,45.1667,10.7833,84.97,65,63,8.99,broken clouds
274,Saskylakh,RU,71.9167,114.0833,83.3,27,66,8.55,broken clouds
275,Yurimaguas,PE,-5.9,-76.0833,68.74,74,100,1.05,overcast clouds
276,Mount Isa,AU,-20.7333,139.5,74.97,35,75,0.0,light rain
277,Evensk,RU,61.95,159.2333,51.26,77,100,4.63,overcast clouds
278,San Juan,AR,-31.5375,-68.5364,44.06,49,12,0.69,few clouds
279,Nome,US,64.5011,-165.4064,48.27,87,90,5.75,overcast clouds
280,Tabuk,PH,17.4189,121.4443,83.95,75,100,5.23,overcast clouds
281,Leningradskiy,RU,69.3833,178.4167,34.75,96,99,14.43,overcast clouds
282,Hamilton,US,39.1834,-84.5333,60.78,94,1,1.01,mist
283,Igrim,RU,63.1906,64.4162,68.09,74,100,6.49,overcast clouds
284,Kindu,CD,-2.95,25.95,96.04,21,23,2.3,few clouds
285,Koumac,NC,-20.5667,164.2833,65.59,64,16,12.33,few clouds
286,Okhotsk,RU,59.3833,143.3,64.81,68,0,6.89,clear sky
287,Port Elizabeth,ZA,-33.918,25.5701,68.09,72,20,21.85,few clouds
288,Chuy,UY,-33.6971,-53.4616,44.87,94,0,2.84,clear sky
289,Hofn,IS,64.2539,-15.2082,51.82,87,90,3.44,overcast clouds
290,Maddela,PH,16.3414,121.6849,84.52,68,99,4.94,overcast clouds
291,Avera,US,33.194,-82.5271,80.71,78,55,6.44,broken clouds
292,Tambopata,PE,-12.7333,-69.1833,58.86,67,7,1.86,clear sky
293,Faro,PT,37.0194,-7.9322,74.98,35,0,5.75,clear sky
294,Mayo,US,38.8876,-76.5119,72.37,94,90,3.44,light rain
295,Ryotsu,JP,38.0833,138.4333,80.56,84,17,3.69,few clouds
296,Tucupita,VE,9.0622,-62.051,71.96,99,56,2.8,broken clouds
297,Pangnirtung,CA,66.1451,-65.7125,49.55,71,39,3.29,scattered clouds
298,Olafsvik,IS,64.8945,-23.7142,52.93,96,100,4.36,overcast clouds
299,Charters Towers,AU,-20.1,146.2667,67.69,77,40,9.46,scattered clouds
300,Eureka,US,40.8021,-124.1637,60.67,93,72,4.9,broken clouds
301,Ambon,ID,-3.6954,128.1814,80.47,82,99,10.83,overcast clouds
302,Saldanha,ZA,-33.0117,17.9442,60.04,82,40,8.34,scattered clouds
303,Provideniya,RU,64.3833,-173.3,44.13,79,100,4.81,overcast clouds
304,Kemnay,GB,57.2357,-2.444,55.42,83,75,13.0,broken clouds
305,Harper,LR,4.375,-7.7169,78.69,75,98,11.12,overcast clouds
306,Patea,NZ,-39.7583,174.4833,43.66,84,100,3.13,overcast clouds
307,Sao Filipe,CV,14.8961,-24.4956,75.58,80,53,10.74,broken clouds
308,Itambacuri,BR,-18.0311,-41.685,60.67,85,100,3.18,overcast clouds
309,Havre-Saint-Pierre,CA,50.2334,-63.5986,53.96,94,40,3.44,scattered clouds
310,West Odessa,US,31.8424,-102.4988,81.88,53,20,8.05,few clouds
311,Ribeira Grande,PT,38.5167,-28.7,75.6,78,40,10.36,scattered clouds
312,Kurilsk,RU,45.2333,147.8833,59.2,94,95,8.97,overcast clouds
313,Yumen,CN,40.2833,97.2,88.05,18,53,19.55,broken clouds
314,Nikolskoye,RU,59.7035,30.7861,69.69,89,89,7.43,overcast clouds
315,Arkhangelskoye,RU,55.8549,35.3287,60.84,97,100,7.29,overcast clouds
316,Tafresh,IR,34.692,50.013,86.72,16,28,13.82,scattered clouds
317,Sorland,NO,67.667,12.6934,48.27,72,69,11.34,broken clouds
318,Mecca,SA,21.4267,39.8261,99.21,36,5,18.25,clear sky
319,San Clemente,US,33.427,-117.612,73.85,92,3,1.99,clear sky
320,Adre,TD,13.4667,22.2,83.07,53,88,2.44,overcast clouds
321,Nouadhibou,MR,20.931,-17.0347,75.18,73,33,6.91,scattered clouds
322,Naryan-Mar,RU,67.6713,53.087,55.06,80,100,8.7,overcast clouds
323,Nortelandia,BR,-14.4547,-56.8028,60.26,44,2,1.66,clear sky
324,Ballina,AU,-28.8667,153.5667,71.78,79,0,11.12,clear sky
325,Boditi,ET,6.9667,37.8667,62.67,72,100,10.16,overcast clouds
326,Chapais,CA,49.7834,-74.8492,44.38,92,92,5.66,overcast clouds
327,Victor Harbor,AU,-35.5667,138.6167,52.92,84,5,9.08,clear sky
328,Fengrun,CN,39.8333,118.1167,78.91,81,25,6.35,scattered clouds
329,Yulara,AU,-25.2406,130.9889,64.24,39,0,4.61,clear sky
330,Mumford,GH,5.2618,-0.759,79.5,75,97,9.37,overcast clouds
331,Sabalgarh,IN,26.25,77.4,90.73,61,85,6.4,overcast clouds
332,Gizo,SB,-8.103,156.8419,81.03,79,92,14.72,light rain
333,Walvis Bay,NA,-22.9575,14.5053,84.07,19,0,21.7,clear sky
334,Taua,BR,-5.9667,-40.3,71.96,68,61,16.46,broken clouds
335,Lompoc,US,34.6391,-120.4579,60.48,96,90,3.44,mist
336,Camacupa,AO,-12.0167,17.4833,75.15,20,1,7.43,clear sky
337,Concarneau,FR,47.875,-3.9225,65.19,73,60,10.65,broken clouds
338,Korla,CN,41.7597,86.1469,88.92,17,43,10.94,scattered clouds
339,Tanete,ID,-3.9443,119.7848,77.0,92,95,3.98,overcast clouds
340,Asau,RO,46.4333,26.4,88.39,48,0,1.88,clear sky
341,Bilibino,RU,68.0546,166.4372,38.53,65,95,8.61,overcast clouds
342,Neiafu,TO,-18.65,-173.9833,76.75,76,83,25.1,broken clouds
343,Saint Anthony,US,45.0205,-93.218,64.92,73,40,5.01,smoke
344,Pyaozerskiy,RU,65.8333,31.1667,68.61,52,58,7.52,broken clouds
345,Oga,IT,46.4631,10.347,60.64,88,100,3.67,overcast clouds
346,Bolshaya Glushitsa,RU,50.2406,43.5908,94.84,26,4,2.91,clear sky
347,San Policarpo,PH,12.1791,125.5072,86.59,67,99,10.0,overcast clouds
348,Balykshi,KZ,47.0667,51.8667,102.2,10,0,13.42,clear sky
349,Jhudo,PK,24.964,69.2968,102.72,34,100,21.41,overcast clouds
350,Beachwood,US,41.4645,-81.5087,64.0,90,1,3.44,clear sky
351,Batemans Bay,AU,-35.7167,150.1833,45.99,93,91,3.22,overcast clouds
352,Reserva,BR,-24.6503,-50.8506,45.54,92,100,2.75,moderate rain
353,Desbiens,CA,48.4178,-71.9495,52.45,83,38,7.09,scattered clouds
354,Kenai,US,60.5544,-151.2583,53.65,92,1,3.44,clear sky
355,Pobe,BJ,6.9801,2.6649,83.77,59,95,7.0,overcast clouds
356,Noumea,NC,-22.2763,166.4572,69.01,99,85,11.79,overcast clouds
357,Biak,ID,-0.9131,122.8766,77.74,85,100,6.33,overcast clouds
358,Trincomalee,LK,8.5711,81.2335,89.28,61,100,4.63,overcast clouds
359,Ancud,CL,-41.8697,-73.8203,31.53,83,41,3.51,scattered clouds
360,Dawei,MM,14.0833,98.2,79.88,86,100,7.25,overcast clouds
361,Russell,US,32.3502,-85.1999,74.91,91,75,4.61,broken clouds
362,Alpena,US,45.0617,-83.4327,62.11,88,75,4.61,mist
363,Egvekinot,RU,66.3167,-179.1667,40.62,68,96,0.16,overcast clouds
364,San Cristobal,VE,7.7669,-72.225,65.19,97,91,5.91,overcast clouds
365,Eyl,SO,7.9803,49.8164,92.19,35,99,27.78,overcast clouds
366,Chifeng,CN,42.2683,118.9636,67.35,81,98,12.12,overcast clouds
367,Deyang,CN,31.1302,104.382,92.3,58,0,5.66,clear sky
368,Bandarbeyla,SO,9.4942,50.8122,91.62,40,56,26.33,broken clouds
369,Gari,RU,59.4307,62.3497,79.92,42,52,10.31,broken clouds
370,Tura,IN,25.5198,90.2201,80.89,84,99,6.98,light rain
371,Rocha,UY,-34.4833,-54.3333,42.06,91,0,2.01,clear sky
372,Rio Gallegos,AR,-51.6226,-69.2181,44.65,61,0,17.27,clear sky
373,Hovd,MN,48.0056,91.6419,61.88,51,100,6.06,overcast clouds
374,Sujiatun,CN,41.6592,123.3392,76.21,94,90,4.47,overcast clouds
375,Sikar,IN,27.6167,75.15,84.38,74,90,11.95,overcast clouds
376,Sur,OM,22.5667,59.5289,99.03,43,90,5.66,overcast clouds
377,Faya,SA,18.3851,42.4509,78.91,52,25,11.92,scattered clouds
378,Tangjiazhuang,CN,39.7333,118.45,79.7,81,11,4.74,light rain
379,Tondela,PT,40.5167,-8.0833,69.58,60,54,2.37,broken clouds
380,Kozhva,RU,65.1073,57.0459,65.82,66,92,10.25,overcast clouds
381,Alugan,PH,12.2188,125.4808,86.27,67,99,9.44,overcast clouds
382,Nouakchott,MR,18.0858,-15.9785,78.73,76,46,7.96,scattered clouds
383,Necochea,AR,-38.5473,-58.7368,40.71,82,0,2.1,clear sky
384,Snasa,NO,64.2457,12.3778,55.9,67,99,10.89,overcast clouds
385,Yumbe,UG,3.4651,31.2469,80.85,44,100,5.5,overcast clouds
386,General Roca,AR,-39.0333,-67.5833,27.0,60,33,7.58,scattered clouds
387,Apple Valley,US,34.5008,-117.1859,79.36,35,1,6.02,clear sky
388,Pafos,CY,34.7667,32.4167,102.24,66,0,9.22,clear sky
389,Manggar,ID,-2.8833,108.2667,83.79,68,63,12.08,broken clouds
390,Los Llanos De Aridane,ES,28.6585,-17.9182,70.12,87,75,19.57,broken clouds
391,Vila Velha,BR,-20.3297,-40.2925,70.97,78,75,3.44,broken clouds
392,Dingle,PH,10.9995,122.6711,80.74,83,96,11.52,overcast clouds
393,San Quintin,MX,30.4833,-115.95,68.79,86,0,7.81,clear sky
394,Trofors,NO,65.5333,13.4063,54.75,55,61,7.25,broken clouds
395,Saurimo,AO,-9.6608,20.3916,82.63,19,4,9.57,clear sky
396,Morondava,MG,-20.2833,44.2833,77.81,49,0,10.33,clear sky
397,Comodoro Rivadavia,AR,-45.8667,-67.5,57.06,15,0,20.71,clear sky
398,Tonder,DK,54.9331,8.8667,66.22,70,80,4.0,broken clouds
399,Maryville,US,35.7565,-83.9705,73.35,95,75,1.01,broken clouds
400,Hasanabad,IR,36.5465,61.0543,100.62,10,0,9.22,clear sky
401,Arman,RU,59.7,150.1667,57.15,86,44,9.64,light rain
402,Portland,US,45.5234,-122.6762,70.75,79,75,1.01,broken clouds
403,Margate,GB,51.3813,1.3862,66.31,73,55,1.99,broken clouds
404,Pabrade,LT,55.0,25.7833,75.34,44,91,12.26,overcast clouds
405,Swift Current,CA,50.2834,-107.8014,61.61,59,1,10.36,clear sky
406,Miraflores,MX,19.2167,-98.8083,57.02,93,36,2.33,scattered clouds
407,College,US,64.8569,-147.8028,62.26,76,75,0.0,broken clouds
408,Birobidzhan,RU,48.8,132.95,72.14,69,66,12.59,broken clouds
409,Plugari,RO,47.4833,27.1,86.68,40,0,5.77,clear sky
410,Richards Bay,ZA,-28.783,32.0377,80.11,25,0,5.88,clear sky
411,Vestmannaeyjar,IS,63.4427,-20.2734,54.59,94,90,5.75,mist
412,Harnosand,SE,62.6323,17.9379,60.82,86,98,8.05,overcast clouds
413,Dongsheng,CN,39.8161,109.9776,76.21,21,72,13.02,broken clouds
414,Maruim,BR,-10.7375,-37.0817,76.96,85,87,12.64,overcast clouds
415,Gonaives,HT,19.45,-72.6833,78.31,85,49,4.21,scattered clouds
416,Tautira,PF,-17.7333,-149.15,69.82,64,58,11.1,broken clouds
417,Kenora,CA,49.8167,-94.4337,61.77,63,75,3.44,broken clouds
418,Valdivia,CL,-39.8142,-73.2459,35.58,94,27,2.91,scattered clouds
419,Bara,NG,10.3744,10.7288,73.18,74,100,9.71,overcast clouds
420,Oranjemund,NA,-28.55,16.4333,75.07,26,1,6.38,clear sky
421,Santiago Del Estero,AR,-27.7951,-64.2615,49.86,37,0,5.59,clear sky
422,Aklavik,CA,68.2191,-135.0107,68.83,51,100,9.22,overcast clouds
423,Savelugu,GH,9.6244,-0.8253,81.88,67,73,11.97,broken clouds
424,Namie,JP,37.4833,141.0,82.78,93,1,10.31,clear sky
425,Mapiripan,CO,2.8892,-72.1256,70.45,91,100,3.44,overcast clouds
426,Tukrah,LY,32.5341,20.5791,89.42,45,0,8.3,clear sky
427,Griffith,US,41.5284,-87.4237,69.91,92,1,0.0,clear sky
428,Motygino,RU,58.1831,94.7592,72.95,52,100,0.87,overcast clouds
429,Cedar City,US,37.6775,-113.0619,59.97,82,1,0.0,clear sky
430,Roebourne,AU,-20.7833,117.1333,70.18,44,5,13.58,clear sky
431,Fundao,BR,-19.9341,-40.4047,70.56,83,86,3.91,overcast clouds
432,Abu Samrah,SY,35.3029,37.1841,99.55,15,0,8.72,clear sky
433,Yokadouma,CM,3.5167,15.05,83.23,61,98,3.67,light rain
434,Popondetta,PG,-8.7537,148.2534,73.67,82,67,1.48,broken clouds
435,Bengkulu,ID,-3.8004,102.2655,80.17,85,81,6.33,broken clouds
436,La Democracia,GT,14.2308,-90.9472,79.86,82,100,4.18,overcast clouds
437,Kushmurun,KZ,52.4503,64.6311,92.55,29,19,17.94,few clouds
438,Brae,GB,60.3964,-1.353,53.51,73,26,17.34,scattered clouds
439,Mao,ES,39.8885,4.2658,75.76,60,20,11.5,few clouds
440,Cortez,US,37.3489,-108.5859,62.04,82,1,3.44,clear sky
441,Clarence Town,AU,-32.5833,151.7833,64.85,69,79,5.68,broken clouds
442,Srednekolymsk,RU,67.45,153.6833,41.4,76,100,18.54,overcast clouds
443,Ballaghaderreen,IE,53.9,-8.5833,57.76,63,75,3.0,broken clouds
444,Palmer,US,42.1584,-72.3287,57.42,92,1,0.0,clear sky
445,Radzyn Podlaski,PL,51.7833,22.6167,79.45,39,64,7.0,broken clouds
446,Honningsvag,NO,70.9821,25.9704,45.41,80,100,9.13,light rain
447,Svetlogorsk,BY,52.6333,29.7333,81.12,51,33,5.93,scattered clouds
448,Axim,GH,4.8699,-2.2405,80.96,71,80,7.74,broken clouds
449,Ishurdi,BD,24.1333,89.0833,82.49,86,100,7.83,light rain
450,Paita,PE,-5.0892,-81.1144,63.9,86,3,9.91,clear sky
451,San Rafael,AR,-34.6177,-68.3301,43.07,67,0,4.18,clear sky
452,Muros,ES,42.7762,-9.0603,68.99,82,71,7.11,broken clouds
453,Capreol,CA,46.706,-80.9225,56.55,98,75,5.75,broken clouds
454,Strezhevoy,RU,60.7333,77.5889,69.78,43,44,3.2,scattered clouds
455,Constantine,DZ,36.365,6.6147,90.81,31,75,12.66,broken clouds
456,Port-Cartier,CA,50.0334,-66.8654,55.92,83,75,7.47,broken clouds
457,Ouadda,CF,8.0777,22.4007,70.97,89,98,9.06,light rain
458,Serov,RU,59.6033,60.5787,78.73,42,33,8.84,scattered clouds
459,Achit,RU,56.7985,57.8994,79.59,42,6,13.02,clear sky
460,La Ronge,CA,55.1001,-105.2842,59.25,67,20,4.61,smoke
461,Ulaangom,MN,49.9811,92.0667,72.77,33,100,9.33,overcast clouds
462,Ahipara,NZ,-35.1667,173.1667,51.84,85,0,4.18,clear sky
463,Port Hedland,AU,-20.3167,118.5667,71.65,49,4,11.5,clear sky
464,Sydney,AU,-33.8679,151.2073,58.32,81,75,1.99,broken clouds
465,Qaqortoq,GL,60.7167,-46.0333,61.3,87,100,4.07,light rain
466,Sayyan,YE,15.1718,44.3244,73.06,38,87,4.9,overcast clouds
467,Zacatepec,MX,18.65,-99.2,66.65,94,37,1.81,scattered clouds
468,Manali,IN,13.1667,80.2667,95.09,40,100,8.84,overcast clouds
469,Alta Gracia,AR,-31.6529,-64.4283,38.88,41,4,3.4,clear sky
470,Guilin,CN,25.2819,110.2864,96.91,68,89,5.23,overcast clouds
471,Puerto Baquerizo Moreno,EC,-0.9,-89.6,70.36,86,35,10.71,scattered clouds
472,Grants,US,35.1473,-107.8514,61.03,88,40,4.61,scattered clouds
473,Lovozero,RU,68.005,35.0117,58.73,70,99,11.54,overcast clouds
474,Hounde,BF,11.5,-3.5167,78.53,70,84,10.76,broken clouds
475,Dunda,TZ,-8.1167,34.25,71.42,47,89,10.87,overcast clouds
476,Zhaotong,CN,27.3167,103.7167,75.25,54,0,5.03,clear sky
477,Clarksburg,US,39.2807,-80.3445,66.78,100,90,0.0,overcast clouds
478,Bom Jesus,BR,-9.0744,-44.3586,69.67,73,54,4.61,broken clouds
479,Innisfail,AU,-17.5333,146.0333,70.57,83,3,1.43,clear sky
480,Hervey Bay,AU,-25.2986,152.8535,69.04,86,0,3.0,clear sky
481,Redding,US,40.5865,-122.3917,77.72,51,1,0.0,smoke
482,Antalaha,MG,-14.9003,50.2788,73.56,80,80,11.48,light rain
483,Kuryk,KZ,43.2,51.65,89.49,32,37,9.17,scattered clouds
484,Cangzhou,CN,38.3167,116.8667,84.85,62,0,3.36,light rain
485,Qasigiannguit,GL,68.8193,-51.1922,48.45,72,48,4.52,scattered clouds
486,Manga,BF,11.6636,-1.0731,81.97,67,76,14.52,broken clouds
487,Willowmore,ZA,-33.2926,23.4895,70.79,14,71,23.26,broken clouds
488,Malm,NO,64.0721,11.2172,55.24,70,98,9.4,overcast clouds
489,Atbasar,KZ,51.8,68.3333,93.13,25,17,13.65,few clouds
490,Shimoda,JP,34.6667,138.95,79.11,82,8,5.82,clear sky
491,Tiarei,PF,-17.5333,-149.3333,69.82,65,66,12.53,broken clouds
492,Baruun-Urt,MN,46.6806,113.2792,74.8,34,31,2.28,scattered clouds
493,Sosnovo-Ozerskoye,RU,52.5249,111.5418,65.19,58,68,3.36,broken clouds
494,Havre,FR,49.5833,0.3333,67.33,82,75,10.36,broken clouds
495,Estelle,US,29.8458,-90.1067,80.6,82,1,0.0,mist
496,Sukumo,JP,32.9333,132.7333,78.91,84,100,4.41,overcast clouds
497,Irtyshskiy,RU,58.3333,68.1333,72.61,79,96,8.55,light rain
498,Camacha,PT,33.0833,-16.3333,69.22,68,20,14.97,few clouds
499,Sheridan,US,44.8333,-106.9173,68.18,60,1,0.0,clear sky
500,Icod De Los Vinos,ES,28.3724,-16.7119,76.75,57,19,16.22,few clouds
501,Lasa,IT,46.6166,10.7002,68.02,87,99,2.59,overcast clouds
502,Gudari,IN,19.35,83.7833,89.51,64,92,6.96,overcast clouds
503,Chingirlau,KZ,51.095,54.0814,96.48,20,66,12.03,broken clouds
504,Orotukan,RU,62.2667,151.7,38.68,96,100,6.91,light rain
505,Port Moresby,PG,-9.4431,147.1797,74.73,75,22,16.69,few clouds
506,Acarau,BR,-2.8856,-40.12,76.46,75,100,13.98,overcast clouds
507,Asind,IN,25.7333,74.3333,74.82,89,100,15.73,heavy intensity rain
508,Polson,US,47.6936,-114.1632,74.77,61,95,4.21,overcast clouds
509,Huatulco,MX,15.8436,-96.3267,76.87,86,0,4.92,clear sky
510,Zilupe,LV,56.3862,28.1217,78.87,35,42,14.5,scattered clouds
511,Nikolayevsk-Na-Amure,RU,53.1406,140.73,53.65,86,100,3.0,overcast clouds
512,Altamira,BR,-3.2033,-52.2064,71.69,100,75,2.3,broken clouds
513,Juneau,US,58.3019,-134.4197,64.4,77,1,9.22,clear sky
514,Severnyy,RU,50.677,36.5532,89.64,35,0,4.47,clear sky
515,Killam,CA,52.7834,-111.8518,65.79,77,11,6.91,light rain
516,Schertz,US,29.5522,-98.2697,79.81,90,1,3.44,clear sky
517,Kourou,GF,5.1552,-52.6478,76.1,91,89,4.14,overcast clouds
518,Chipata,ZM,-13.6333,32.65,73.81,37,26,6.46,scattered clouds
519,Pandan,PH,14.0453,124.1694,85.14,75,100,13.65,overcast clouds
520,Bac Lieu,VN,9.285,105.7244,85.95,68,91,16.33,moderate rain
521,Timizart,DZ,36.8,4.2667,84.61,41,74,9.15,broken clouds
522,Vostok,RU,46.4856,135.8833,74.14,69,84,4.79,broken clouds
523,Martil,MA,35.6166,-5.2752,80.56,47,0,11.5,clear sky
524,Noblesville,US,40.0456,-86.0086,62.29,89,54,1.01,broken clouds
525,Alice,US,27.7523,-98.0697,82.31,97,1,4.61,clear sky
526,Amuntai,ID,-2.4177,115.2494,80.91,75,95,0.25,overcast clouds
527,Guanajuato,MX,21.0186,-101.2591,57.99,91,14,7.07,few clouds
528,Khabary,RU,53.6259,79.5345,85.57,28,32,2.59,scattered clouds
529,Manokwari,ID,-0.8667,134.0833,81.28,75,97,0.89,overcast clouds
530,Kawalu,ID,-7.3817,108.2082,73.49,94,69,4.0,broken clouds
531,Santa Maria,BR,-29.6842,-53.8069,38.5,100,40,2.3,fog
532,Cockburn Town,TC,21.4612,-71.1419,82.18,80,10,21.09,clear sky
533,Peleduy,RU,59.6289,112.7406,75.81,35,80,9.04,broken clouds
534,Behbahan,IR,30.5959,50.2417,112.96,8,0,14.36,clear sky
535,Shakawe,BW,-18.3667,21.85,74.21,27,0,10.16,clear sky
536,Inongo,CD,-1.95,18.2667,74.16,55,96,5.08,overcast clouds
537,Caravelas,BR,-17.7125,-39.2481,69.22,64,79,11.52,broken clouds
538,Katherine,AU,-14.4667,132.2667,82.72,34,5,6.91,clear sky
539,Sidney,AU,-33.8679,151.2073,58.32,81,75,1.99,broken clouds
540,Tricase,IT,39.9304,18.3553,99.75,66,0,3.44,clear sky
541,Pavlikeni,BG,43.2428,25.3219,101.16,19,0,0.22,clear sky
542,Baykit,RU,61.67,96.37,74.1,40,100,2.33,overcast clouds
543,Petilia Policastro,IT,39.1139,16.7855,102.6,25,45,5.68,scattered clouds
544,Pemangkat,ID,1.1667,108.9667,84.67,73,33,14.65,heavy intensity rain
545,Siria,SY,35.0,38.0,94.24,13,0,12.66,clear sky
546,Jertih,MY,5.7336,102.4897,76.87,84,100,2.95,overcast clouds
547,Fairbanks,US,64.8378,-147.7164,61.61,77,1,0.0,clear sky
548,Magadan,RU,59.5667,150.8,57.38,83,50,8.72,light rain
549,Kambove,CD,-10.8764,26.5969,73.45,35,1,10.16,clear sky
550,Xiaoweizhai,CN,26.1903,107.5125,82.76,76,14,2.48,few clouds
551,Beira,MZ,-19.8436,34.8389,75.29,64,20,5.75,few clouds
552,Alghero,IT,40.5589,8.3181,78.89,65,20,8.05,few clouds
553,Dzilam Gonzalez,MX,21.2833,-88.9333,74.23,97,99,4.47,overcast clouds
554,Demirci,TR,39.0461,28.6589,93.36,17,1,11.99,clear sky
555,Inhambane,MZ,-23.865,35.3833,74.5,48,0,3.96,clear sky
556,Sarab,IR,38.6066,44.9883,87.06,34,3,9.19,clear sky
557,Mbandaka,CD,0.0487,18.2603,87.73,47,100,0.6,light rain
558,Prado,BR,-17.3411,-39.2208,66.09,80,97,10.51,overcast clouds
559,Kulhudhuffushi,MV,6.6221,73.07,82.67,71,45,12.03,scattered clouds
560,Bhinga,IN,27.7167,81.9333,89.31,68,66,16.02,broken clouds
561,Alice Springs,AU,-23.7,133.8833,65.75,42,40,9.22,scattered clouds
562,Kalabo,ZM,-14.97,22.6814,77.99,25,0,6.98,clear sky
563,Barra,BR,-11.0894,-43.1417,68.31,67,61,5.48,broken clouds
564,San Ignacio,BZ,17.1561,-89.0714,75.34,100,40,0.0,scattered clouds
565,Berlevag,NO,70.8578,29.0864,48.22,97,100,1.59,light rain
566,Cidreira,BR,-30.1811,-50.2056,51.67,88,73,5.01,broken clouds
567,Kamenka,RU,51.3223,42.7678,89.8,35,2,2.15,clear sky
568,Beppu,JP,33.2736,131.4919,84.49,87,100,2.64,overcast clouds
569,Chardara,KZ,41.2547,67.9692,95.56,17,87,2.37,overcast clouds
570,Alappuzha,IN,9.49,76.3264,82.08,72,98,12.71,overcast clouds
571,Esso,RU,55.9333,158.7,47.53,79,38,5.53,scattered clouds
572,Garbolovo,RU,60.3413,30.4955,68.99,97,100,4.41,overcast clouds
573,Belyy Yar,RU,53.6039,91.3903,76.89,41,0,4.47,clear sky
574,Havelock,US,34.8791,-76.9013,80.94,96,64,1.52,broken clouds
575,Gilgit,PK,35.9221,74.3087,90.55,38,70,4.18,broken clouds
576,Adwa,ET,14.1646,38.8955,66.11,72,100,2.64,overcast clouds
577,Trairi,BR,-3.2778,-39.2689,74.86,72,36,11.32,scattered clouds
578,Chicama,PE,-7.8447,-79.1469,63.81,84,30,3.15,scattered clouds
579,Sioux Lookout,CA,50.1001,-91.917,57.58,77,75,3.44,broken clouds
580,Tobermory,CA,45.2501,-81.6665,56.3,89,100,14.36,overcast clouds
581,Andra,RU,62.5147,65.8878,61.93,95,100,10.13,overcast clouds
582,Riyadh,SA,24.6877,46.7219,109.54,10,0,9.22,clear sky
583,Mannheim,DE,49.4883,8.4647,72.25,64,40,5.75,scattered clouds
584,Terrace Bay,CA,48.7834,-87.1,51.42,94,29,11.12,scattered clouds
585,Cozumel,MX,20.5083,-86.9458,77.11,85,100,7.56,overcast clouds
586,Whitehorse,CA,60.7161,-135.0538,60.31,51,20,5.01,few clouds
587,Iskateley,RU,67.6803,53.1512,54.88,81,100,8.59,overcast clouds
588,Kijang,KR,35.2442,129.2139,89.33,75,100,7.7,overcast clouds
589,West Wendover,US,40.7391,-114.0733,69.01,64,20,8.05,few clouds
590,Santa Cruz De La Palma,ES,28.6835,-17.7642,73.54,68,75,19.57,broken clouds
591,Hassleholm,SE,56.1591,13.7664,71.35,51,60,11.79,broken clouds
592,Voh,NC,-20.9667,164.7,61.32,70,7,5.17,clear sky
593,Gaspe,CA,48.8334,-64.4819,55.62,82,20,6.91,few clouds
594,Loyga,RU,61.0784,44.6075,70.41,52,79,6.73,broken clouds
595,Verkhovazhye,RU,60.7472,42.0465,73.24,49,74,6.46,broken clouds
596,Saryg-Sep,RU,51.5,95.6,59.14,88,100,3.49,overcast clouds
597,Grindavik,IS,63.8424,-22.4338,55.56,94,90,4.61,overcast clouds
598,Anloga,GH,5.7947,0.8973,79.75,75,97,9.98,overcast clouds
599,Yinchuan,CN,38.4681,106.2731,91.27,16,66,11.52,broken clouds
600,Tsabong,BW,-26.0217,22.401,68.52,19,0,9.01,clear sky
601,Tateyama,JP,34.9833,139.8667,86.02,81,0,9.75,clear sky
602,Praxedis Guerrero,MX,31.3667,-106.0167,79.56,43,51,2.51,broken clouds
603,Ostersund,SE,63.1792,14.6357,54.61,66,90,13.8,overcast clouds
604,Juru,MY,5.312,100.4423,80.55,91,40,2.3,scattered clouds
605,Kiunga,PG,-6.1219,141.2906,75.52,93,85,4.27,overcast clouds
606,Moron,AR,-34.6534,-58.6198,46.98,96,0,4.34,clear sky
607,Mae Sai,TH,20.4335,99.8762,87.12,76,93,3.94,overcast clouds
608,Wicklow,IE,53.0,-6.4167,52.95,63,33,6.89,scattered clouds
609,Mongoumba,CF,3.6415,18.5936,75.06,85,100,3.91,overcast clouds
610,Belmonte,BR,-15.8631,-38.8828,63.1,84,99,12.48,overcast clouds
611,Marsaxlokk,MT,35.8419,14.5431,97.41,34,0,6.91,clear sky
612,Maragogi,BR,-9.0122,-35.2225,74.28,84,90,19.13,overcast clouds
613,Bairiki,KI,1.3292,172.9752,80.6,78,20,0.0,few clouds
614,Mandalgovi,MN,45.7625,106.2708,74.34,29,75,9.24,broken clouds
615,Ahuimanu,US,21.4447,-157.8378,78.51,67,75,12.66,broken clouds
616,Half Moon Bay,US,37.4636,-122.4286,63.63,89,90,0.0,overcast clouds
617,Batsfjord,NO,70.6345,29.7185,52.02,95,100,4.0,light rain
618,Diego De Almagro,CL,-26.3667,-70.05,58.71,13,0,5.32,clear sky
619,Bintulu,MY,3.1667,113.0333,79.21,89,40,2.3,scattered clouds
620,Vinh,VN,18.6667,105.6667,83.59,81,100,4.52,overcast clouds
621,Havoysund,NO,70.9963,24.6622,47.28,76,95,8.46,light rain
622,Kungurtug,RU,50.5994,97.5228,52.65,97,100,4.03,moderate rain
623,Aykhal,RU,66.0,111.5,78.8,27,0,5.23,clear sky
624,Sola,VU,-13.8833,167.55,76.42,66,53,14.0,broken clouds
625,Ola,RU,59.5833,151.2833,55.96,88,34,10.02,light rain
626,Beatrice,US,40.2681,-96.747,66.18,94,1,0.0,mist
627,General Pico,AR,-35.6566,-63.7568,37.58,84,0,4.09,clear sky
628,Ketchikan,US,55.3422,-131.6461,57.67,94,90,0.0,mist
629,Vicar,ES,36.8316,-2.6427,79.57,70,59,7.07,broken clouds
630,Lodeynoye Pole,RU,60.726,33.5531,63.41,85,100,3.62,light rain
631,Am Timan,TD,11.0297,20.2827,84.45,59,93,8.16,overcast clouds
632,Tongren,CN,27.7172,109.1853,87.55,70,63,0.69,broken clouds
633,Novobessergenevka,RU,47.1847,38.8462,92.88,42,0,6.11,clear sky
634,Roma,US,43.2128,-75.4557,59.86,90,1,5.75,clear sky
635,Abha,SA,18.2164,42.5053,78.62,50,20,11.5,few clouds
636,Suffolk,US,40.8668,-72.7996,67.26,90,1,0.0,clear sky
637,Taltal,CL,-25.4,-70.4833,58.6,71,9,3.0,clear sky
638,Zaysan,KZ,47.4667,84.8667,82.6,12,78,12.33,broken clouds
639,Gazojak,TM,41.1875,61.4036,101.73,8,0,13.67,clear sky
640,Along,IN,28.1667,94.7667,83.46,89,46,2.84,scattered clouds
641,Jimma,ET,7.6667,36.8333,69.69,81,81,2.62,light rain
642,Whitianga,NZ,-36.8333,175.7,52.02,89,100,5.41,overcast clouds
643,Atlantic City,US,39.3643,-74.4229,70.02,85,100,5.37,overcast clouds
644,Mardin,TR,37.3131,40.7436,100.51,14,20,9.22,few clouds
645,Tutoia,BR,-2.7619,-42.2744,71.92,92,99,7.61,overcast clouds
646,Manzhouli,CN,49.6,117.4333,70.03,47,60,3.69,broken clouds
647,Sai Buri,TH,6.7013,101.6168,83.91,63,100,12.71,light rain
648,Nuuk,GL,64.1835,-51.7216,48.81,87,20,18.41,few clouds
649,Kokopo,PG,-4.352,152.2633,75.65,93,95,8.16,moderate rain
650,Tunduma,TZ,-9.3,32.7667,72.75,32,31,8.61,scattered clouds
651,Bonfim,BR,3.0833,-59.95,71.82,96,99,3.11,moderate rain
652,Henties Bay,NA,-22.116,14.2845,82.72,22,0,22.7,clear sky
653,Birjand,IR,32.8663,59.2211,93.67,6,0,6.91,clear sky
654,Acapulco,MX,16.8634,-99.8901,75.56,93,100,8.7,overcast clouds
655,Waipawa,NZ,-41.4122,175.5153,45.23,92,100,3.2,overcast clouds
656,Vilyuysk,RU,63.7553,121.6247,82.33,38,4,3.76,clear sky
657,Eenhana,NA,-17.4667,16.3333,75.99,21,0,15.41,clear sky
658,Huilong,CN,31.8111,121.655,84.97,89,95,8.86,overcast clouds
659,Leh,IN,34.1667,77.5833,74.5,28,70,6.4,broken clouds
660,Varhaug,NO,58.6147,5.6457,60.78,71,56,23.94,broken clouds
661,Mayor Pablo Lagerenza,PY,-19.9309,-60.7718,61.9,29,100,4.79,overcast clouds
662,Hudson Bay,CA,52.85,-102.3842,56.01,65,0,4.76,clear sky
663,Mosalsk,RU,54.4881,34.9817,69.75,83,100,5.39,overcast clouds
664,Arco,IT,45.9177,10.8867,83.86,84,86,6.15,heavy intensity rain
665,Watsa,CD,3.0372,29.5355,81.79,40,100,3.4,overcast clouds
666,Narsaq,GL,60.9167,-46.05,61.02,74,100,3.98,light rain
667,Hay River,CA,60.8156,-115.7999,64.38,77,20,1.14,few clouds
668,Peschanokopskoye,RU,46.1961,41.0775,97.39,18,33,6.51,scattered clouds
669,Limbang,MY,4.75,115.0,87.06,83,100,3.98,moderate rain
